{
  "aws_project_region": "us-east-1",
  "aws_cognito_identity_pool_id": "us-east-1:f649fd50-ccc3-43b4-addb-53e2f0d8f80f",
  "aws_appsync_graphqlEndpoint": "https://not36cqy2rgpjaptydzztst3ma.appsync-api.us-east-1.amazonaws.com/graphql",
  "aws_appsync_region": "us-east-1",
  "aws_appsync_authenticationType": "API_KEY",
  "aws_appsync_apiKey": "da2-f5rec2nrlbf3ffkyzdj2w7a3am",
  "aws_cognito_region": "us-east-1",
  "aws_user_pools_id": "us-east-1_UtluUAFjN",
  "aws_user_pools_web_client_id": "3tqpo19obnpi6p2o5okjgci475",
  "oauth": {},
  "aws_cognito_username_attributes": ["EMAIL"],
  "aws_cognito_social_providers": [],
  "aws_cognito_signup_attributes": ["EMAIL"],
  "aws_cognito_mfa_configuration": "OFF",
  "aws_cognito_mfa_types": ["SMS"],
  "aws_cognito_password_protection_settings": {
    "passwordPolicyMinLength": 8,
    "passwordPolicyCharacters": []
  },
  "aws_cognito_verification_mechanisms": ["EMAIL"],
  "aws_user_files_s3_bucket": "groupchatappui637f5aee4a1a423ca744782861324eeacd7ce-dev",
  "aws_user_files_s3_bucket_region": "us-east-1"
}
